{
  "hash": "1f372825",
  "configHash": "ca392b2e",
  "lockfileHash": "5adcb7d6",
  "browserHash": "1ce2fdc6",
  "optimized": {
    "@angular/common": {
      "src": "../../../../../../node_modules/@angular/common/fesm2022/common.mjs",
      "file": "@angular_common.js",
      "fileHash": "c6a44b54",
      "needsInterop": false
    },
    "@angular/common/http": {
      "src": "../../../../../../node_modules/@angular/common/fesm2022/http.mjs",
      "file": "@angular_common_http.js",
      "fileHash": "d6350882",
      "needsInterop": false
    },
    "@angular/core": {
      "src": "../../../../../../node_modules/@angular/core/fesm2022/core.mjs",
      "file": "@angular_core.js",
      "fileHash": "e1073452",
      "needsInterop": false
    },
    "@angular/forms": {
      "src": "../../../../../../node_modules/@angular/forms/fesm2022/forms.mjs",
      "file": "@angular_forms.js",
      "fileHash": "655f4aca",
      "needsInterop": false
    },
    "@angular/platform-browser": {
      "src": "../../../../../../node_modules/@angular/platform-browser/fesm2022/platform-browser.mjs",
      "file": "@angular_platform-browser.js",
      "fileHash": "d98fd0a5",
      "needsInterop": false
    },
    "@angular/router": {
      "src": "../../../../../../node_modules/@angular/router/fesm2022/router.mjs",
      "file": "@angular_router.js",
      "fileHash": "cc5f3a3b",
      "needsInterop": false
    },
    "sweetalert2": {
      "src": "../../../../../../node_modules/sweetalert2/dist/sweetalert2.esm.all.js",
      "file": "sweetalert2.js",
      "fileHash": "5d68af4e",
      "needsInterop": false
    }
  },
  "chunks": {
    "chunk-AQ2GZS7H": {
      "file": "chunk-AQ2GZS7H.js"
    },
    "chunk-MT3S7EPW": {
      "file": "chunk-MT3S7EPW.js"
    },
    "chunk-3BQ3Q6AS": {
      "file": "chunk-3BQ3Q6AS.js"
    },
    "chunk-MIEXXXPH": {
      "file": "chunk-MIEXXXPH.js"
    },
    "chunk-WDMUDEB6": {
      "file": "chunk-WDMUDEB6.js"
    }
  }
}